CA San Miguel,CA San Miguel,CA San Miguel
US Avellino,US Avellino,US Avellino
Gainare Tottori,Gainare Tottori,Gainare Tottori
FC Shinnik Yaroslavl,FC Shinnik Yaroslavl,FC Shinnik Yaroslavl
East Atlanta FC,East Atlanta FC,East Atlanta FC
Landskrona BoIS,Landskrona BoIS,Landskrona BoIS
ΑΟ Episkopi,ΑΦ Επισκοπή,آف اپیسکوپی
Guarany de Bage FC,Guarany de Bage FC,Guarany de Bage FC
Um Alhassam,Um Alhassam,Um Alhassam
Cosmos Serravalle,Cosmos Serravalle,Cosmos Serravalle
Gimnasia Y Esgrima La Plata,Gimnasia Y Esgrima La Plata,Gimnasia Y Esgrima La Plata
Marines FC Gisenyi,Marines FC Gisenyi,Marines FC Gisenyi
Umraniyespor,Umraniyespor,Umraniyespor
MFK Ruzomberok,MFK Ruzomberok,MFK Ruzomberok
AS Trianton Ialysos,AS Trianton Ialysos,AS Trianton Ialysos
Arsenal FC,Arsenal FC,Arsenal FC
FK Dinamo Moscow,FK Dinamo Moscow,FK Dinamo Moscow
Manchester United,Manchester United,Manchester United
Admira Dornbirn,Admira Dornbirn,Admira Dornbirn
Nublense,Nublense,Nublense
Alacranes de Durango,Alacranes de Durango,Alacranes de Durango
Trival Valderas A.,Trival Valderas A.,Trival Valderas A.
Club Atletico La Paz,Club Atletico La Paz,Club Atletico La Paz
Northcote City,Northcote City,Northcote City
Akron City FC,Akron City FC,Akron City FC
Naples United,Naples United,Naples United
SC Beira Mar,SC Beira Mar,SC Beira Mar
NGU Loveledge Nagoya,NGU Loveledge Nagoya,NGU Loveledge Nagoya
Al-Sailiya SC,Al-Sailiya SC,Al-Sailiya SC
CSB Atenas,CSB Atenas,CSB Atenas
Incheon United FC,Incheon United FC,Incheon United FC
FK Motorlet Prague,FK Motorlet Prague,FK Motorlet Prague
IFK Berga,IFK Berga,IFK Berga
Bate Borisov,Bate Borisov,Bate Borisov
Valmiera FC II,Valmiera FC II,Valmiera FC II
Independente PA,Independente PA,Independente PA
Turkiye,Τουρκία,ترکیه
Club Deportivo Eldense,Club Deportivo Eldense,Club Deportivo Eldense
South Hobart FC,South Hobart FC,South Hobart FC
Sydney FC,Sydney FC,Sydney FC
CA Talleres de Remedios,CA Talleres de Remedios,CA Talleres de Remedios
Chimbarongo,Chimbarongo,Chimbarongo
Naftan Novopolotsk,Naftan Novopolotsk,Naftan Novopolotsk
AFC Eskilstuna,AFC Eskilstuna,AFC Eskilstuna
Long Island Rough Riders,Long Island Rough Riders,Long Island Rough Riders
Managua FC,Managua FC,Managua FC
Polisi Tanzania FC,Polisi Tanzania FC,Polisi Tanzania FC
Hallescher FC,Hallescher FC,Hallescher FC
Genclerbirligi Ankara,Genclerbirligi Ankara,Genclerbirligi Ankara
Taraji Wadi Al-Nes,Taraji Wadi Al-Nes,Taraji Wadi Al-Nes
Bischofswerdaer FV 1908,Bischofswerdaer FV 1908,بیشوفسوردار FV 1908
Werder Bremen III,Werder Bremen III,وردر برمن III
Liverpool Montevideo,Liverpool Montevideo,لیورپول مونتوویدو
Vierzon FC,Vierzon FC,ویرزون FC
Barcelona Esportivo Capela SP,Barcelona Esportivo Capela SP,بارسلونا اسپورتیوو کاپلا SP
Haukiputaan Pallo,Haukiputaan Pallo,هاوکیپوتان پالو
First State FC,First State FC,فیرست ستیت FC
EC Sao Luiz RS,EC Sao Luiz RS,EC سائو لویز RS
Dakkada International FC,Dakkada International FC,دکادای اینترنشنال FC
Haugesund,Haugesund,هاوگسوند
Oly Town FC,Oly Town FC,اولی ٹاؤن FC
Grulla Morioka,Grulla Morioka,گرولا موریوکا
Kagoshima United,Kagoshima United,کاگوشیما یونایتد
Borussia Dortmund,Borussia Dortmund,بوروسیا دورتموند
Sheikh Jamal DC,Sheikh Jamal DC,شیخ جمال DC
Pathfinder FC New York,Pathfinder FC New York,پیث فایندر FC نیویورک
Orvietana Calcio,Orvietana Calcio,اورویتانا کالچیو
B36 Torshavn II,B36 Torshavn II,B36 تورشاون II
Lunds BK,Lunds BK,لوندس بی کی
Ihefu FC,Ihefu FC,ایهفو FC
FS Jelgava,FS Jelgava,FS یلگاوا
Le Mans FC,Le Mans FC,له منز FC
Pargas Idrottsforening,Pargas Idrottsforening,پارگاس ایدروتسفورنینگ
England,England,انگلستان
Rio Branco AC ES,Rio Branco AC ES,ریو برانکو AC ES
UD Leiria,UD Leiria,UD لیریا
Saint Louis City SC,Saint Louis City SC,سینت لویس سیتی SC
SC Astrakhan,SC Astrakhan,SC استراخان
SC Braga,SC Braga,SC براگا
IFK Skovde FK,IFK Skovde FK,IFK اسکووده FK
AC Locri 1909,AC Locri 1909,AC لوکری 1909
FC Oleksandria,FC Oleksandria,FC علکساندریا
Kariobangi Sharks,Kariobangi Sharks,کاریوبانگی شارکس
CA Barracas Central Reserve,CA Barracas Central Reserve,CA باراکاس سنترال رزرو
Caykur Rizespor,Caykur Rizespor,کایکور ریزه‌اسپور
Esteghlal,Esteghlal,استقلال
Adelaide United FC,Adelaide United FC,آدلاید یونایتد FC
Rio Branco EC SP,Rio Branco EC SP,ریو برانکو EC SP
FC Zlin,FC Zlin,FC زلین
Athletic Club Sjdr MG,Athletic Club Sjdr MG,اتلتیک کلوب سجدر MG
Bognor Regis Town,Bognor Regis Town,بوگنور ریگیز تاؤن
Madureira RJ,Madureira RJ,مادوریرا RJ
KaPa Kapylan Pallo,KaPa Kapylan Pallo,کاپا کاپیلان پالو
HNK Rijeka,HNK Rijeka,HNK ریجکا
CD Huila,CD Huila,CD هویلا
Sao Carlos SP,Sao Carlos SP,سائو کارلوس SP
Sao Francisco AC,Sao Francisco AC,سائو فرانسیسکو AC
Virtus Verona,Virtus Verona,ویرتوس ورنا
CS 2 de Mayo,CS 2 de Mayo,CS 2 د مایو
El Bayadh,El Bayadh,ال بیاده
Real Aranjuez CF,Πραγματικό Aranjuez CF,استادیوم رئال آرانخوز
Shkendija Tetovo,Shkendija Tetovo,شکندیا تتوو
GS Arconatese 1926,GS Arconatese 1926,GS Arconatese 1926
AC Milan,AC Milan,AC میلان
Jordan,Ιορδανία,جردن
Columbus Crew,Columbus Crew,کولمبوس کرو
Desportiva Alianca AL,Desportiva Alianca AL,Desportiva Alianca AL
FC Kaluga,FC Kaluga,FC کالوگا
Paisley Athletic FC,Paisley Athletic FC,Paisley Athletic FC
FC Metalist Kharkiv,FC Metalist Kharkiv,FC Metalist Kharkiv
Georgia Revolution FC,Georgia Revolution FC,Georgia Revolution FC
Polonia Sroda Wielkopolska,Polonia Sroda Wielkopolska,Polonia Sroda Wielkopolska
MFK Dolny Kubin,MFK Dolny Kubin,MFK Dolny Kubin
Akas FC,Akas FC,Akas FC
Ecuador,Ισημερινός,اکوادور
CA Osasuna,CA Osasuna,CA Osasuna
Atlantis FC/Akatemia,Atlantis FC/Akatemia,Atlantis FC/Akatemia
SC Verl,SC Verl,SC Verl
Cooks Hill United,Cooks Hill United,Cooks Hill United
FC Elva,FC Elva,FC Elva
SD Gernika Club,SD Gernika Club,SD Gernika Club
Antigua GFC,Antigua GFC,Antigua GFC
SF Eisbachtal,SF Eisbachtal,SF Eisbachtal
Perth SC,Perth SC,Perth SC
MFK Chrudim,MFK Chrudim,MFK Chrudim
Moreton Bay United FC,Moreton Bay United FC,Moreton Bay United FC
Spyrnir,Spyrnir,Spyrnir
JC Futebol Clube AM,JC Futebol Clube AM,JC Futebol Clube AM
IA Akranes,IA Akranes,IA Akranes
CD Utrillas,CD Utrillas,CD Utrillas
Sligo Rovers FC,Sligo Rovers FC,Sligo Rovers FC
KB Breidholt,KB Breidholt,KB Breidholt
Georgia,Γεωργία,گرجستان
Charlton Athletic,Charlton Athletic,Charlton Athletic
Pors Grenland,Pors Grenland,Pors Grenland
Indy Eleven,Indy Eleven,Indy Eleven
Blyth Spartans AFC,Blyth Spartans AFC,Blyth Spartans AFC
Al Adalah FC,Al Adalah FC,Al Adalah FC
San Lorenzo de Almagro,San Lorenzo de Almagro,San Lorenzo de Almagro
CD Virgen Del Camino,CD Virgen Del Camino,CD Virgen Del Camino
FC Balzers II,FC Balzers II,FC Balzers II
Ilirija Ljubljana,Ilirija Ljubljana,Ilirija Ljubljana
Ternana Calcio U19,Ternana Calcio U19,Ternana Calcio U19
Terengganu FC,Terengganu FC,Terengganu FC
Zaglebie Lubin,Zaglebie Lubin,زاگلبی لوبین
Vittoriosa Stars,Vittoriosa Stars,Vittoriosa Stars
Asd Sant Angelo,Asd Sant Angelo,Asd Sant Angelo
SCU Torreense,SCU Torreense,SCU Torreense
Union Temara,Union Temara,Union Temara
Rangers LFC,Rangers LFC,Rangers LFC
Sollentuna FK,Sollentuna FK,سولنتونا FK
SK Brann,SK Brann,اس کی بران
Millwall,Millwall,میلوال
ES Metlaoui,ES Metlaoui,ایس متلاوی
1461 Trabzon FK,1461 Trabzon FK,۱۴۶۱ ترابزون FK
Sokol Hostoun,Sokol Hostoun,سوکول هوستون
Dbk Fortuna Hjoerring,Dbk Fortuna Hjoerring,دبک فورتونا Hjoerring
Aberdeen LFC,Aberdeen LFC,آبردین LFC
Lane United FC,Lane United FC,لین یونایتد FC
CD Lunda Sul,CD Lunda Sul,سی دی لوندا سول
Thor/KA,Thor/KA,تور / کا
FC Wolfurt,FC Wolfurt,اف سی ولفورت
Itapipoca EC CE,Itapipoca EC CE,Itapipoca EC CE
Cagliari Calcio,Cagliari Calcio,کاگلیاری کالچو
Independente EC AP,Independente EC AP,ایندپندنت ای سی AP
Colombia,Κολομβία,کلمبیا
AS Djerba,AS Djerba,ای اس جربا
NK Ponikve,NK Ponikve,ان کی پونیکو
Zalaegerszeg TE,Zalaegerszeg TE,زالاگرزگ تی ای
SV Langenrohr,SV Langenrohr,اس وی لنگنرور
Bray Wanderers AFC,Bray Wanderers AFC,برای واندرز AFC
CD Universidad Cesar Vallejo,CD Universidad Cesar Vallejo,سی دی یونیورسیتاد کزار والیجو
Odds BK 2,Odds BK 2,اودز بی کی ۲
Ireland,Ιρλανδία,ایرلند
CF Pozuelo de Alarcon,CF Pozuelo de Alarcon,سی فو پوزولو ده الارکون
New Zealand,Νέα Ζηλανδία,نیوزیلند
Tromsoe 2,Tromsoe 2,ترومسو ۲
Al-Riffa SC,Al-Riffa SC,ال ریفا اس سی
FC Aktobe,FC Aktobe,اف سی اکتوبه
USM Alger,USM Alger,او اس ام الجر
FC Borgo,FC Borgo,اف سی بورگو
Kedah Darul Aman,Kedah Darul Aman,کداه دارول امان
Venezuela,Βενεζουέλα,ونزوئلا
Excursionistas,Excursionistas,اکسورشونیستاس
SK Hranice,SK Hranice,اس کی هرانیسه
CD Avance Ezcabarte,CD Avance Ezcabarte,سی دی اوانسه ازکابارته
Kayanza United FC,Kayanza United FC,کایانزا یونایتد FC
Sochaux-Montbeliard,Sochaux-Montbeliard,سوشو-مونبلیارد
Qalali Club,Qalali Club,قالالی کلوب
Rio Ave FC,Rio Ave FC,ریو آوه فوتبال کلوب
FC Bavois,FC Bavois,اف سی باویوس
IH Hafnarfjordur,IH Hafnarfjordur,آی اچ هافنارفجور
Cadiz CF,Cadiz CF,کادیز سی سی
Miami United,Miami United,میامی یونایتد
24Erzincanspor,24Erzincanspor,۲۴Erzincanspor
Lysekloster,Lysekloster,لیسکوستر
Fiji,Φίτζι,فیجی
FK Jezero Plav,FK Jezero Plav,اف کی جزرو پلاو
ACS Sepsi OSK Sfantu Gheorghe,ACS Sepsi OSK Sfantu Gheorghe,ای سی اس سپسی او اس کی سفانتو گئورگه
CA Juventud de Las Piedras,CA Juventud de Las Piedras,سی ای جوونتود ده لاس پیدراس
Uniao Suzano AC SP,Uniao Suzano AC SP,یونیو سوزانو آچ اس پی
Inter Milano,Inter Milano,اینتر میلانو
Stenhousemuir FC,Stenhousemuir FC,استنهاوسمور فک
Upsala IF,Upsala IF,اوپسالا ایف
Sotra SK,Sotra SK,سوترا اس کی
Hammarby Talang FF,Hammarby Talang FF,هماربی تالنگ فوتبال
SV Allerheiligen,SV Allerheiligen,اس وی آلرهیلیگن
MALAGA B,MALAGA B,مالاگا بی
CA Taquaritinga SP,CA Taquaritinga SP,سی ای تاکواریتینگا اس پی
Latvia,Λετονία,لتونی
Uzbekistan,Ουζμπεκιστάν,ازبکستان
FC Francavilla 1931,FC Francavilla 1931,اف سی فرانکاویلا ۱۹۳۱
Accra Lions,Accra Lions,آکرا لیونز
Auckland United FC,Auckland United FC,آکلاند یونایتد فوتبال
Jiangxi Lushan,Jiangxi Lushan,جیانگ شی لوشان
Knattspyrnufelagio GG,Knattspyrnufelagio GG,کناتسپیرنوفلاگیو گی گی
CA Sarmiento Junin,CA Sarmiento Junin,سی ای سارمیانتو جونین
OFK Belgrade,OFK Belgrade,او اف کی بلگراد
Moldova,Μολδαβία,مولدووا
Europa FC,Europa FC,اوروپا فوتبال
Vibonese Calcio,Vibonese Calcio,ویبونزه کالچیو
FBK Karlstad,FBK Karlstad,اف بی کی کارلستاد
US Angri 1927,US Angri 1927,امریکان انگری ۱۹۲۷
Prestatyn Town,Prestatyn Town,پرستاتین تاون
CD San Ignacio,CD San Ignacio,سی دی سان ایگناسیو
NK Posusje,NK Posusje,ان کی پوسوشی
UMF Tindastoll,UMF Tindastoll,او ام اف تینداستول
Asc Olimpic Zarnesti,Asc Olimpic Zarnesti,آسک آولیمپیک زارنستی
KF Fjallabyggd,KF Fjallabyggd,کی اف فیالابیگد
Lions United FC,Lions United FC,لیونز یونایتد فوتبال
Partizani Tirana,Partizani Tirana,پارتیزانی تیرانا
Tennis Borussia Berlin,Tennis Borussia Berlin,تنیس بورسیونا برلین
1. FFC Turbine Potsdam II,1. FFC Turbine Potsdam II,یکم اف اف سی توربین پوتسدام II
Saffle SK,Saffle SK,سافله اس کی
Khalijfars Mahshahr,Khalijfars Mahshahr,خلیج فارس محشهر
FC Tucson,FC Tucson,اف سی توکسون
Tj Sokol Zivanice,Tj Sokol Zivanice,تی جی سوکول زیوانیسه
Internacional de Lages SC,Internacional de Lages SC,اینترناسیونال ده لاجز سی
AFC Telford United,AFC Telford United,ای فی سی تلفورد یونایتد
Preston Lions FC,Preston Lions FC,پرستون لیونز فوتبال
Alebrijes de Oaxaca II,Alebrijes de Oaxaca II,آلبریجز ده اواکسا II
Vila Nova FC GO,Vila Nova FC GO,ویلا نوا فوتبال گو
Zweigen Kanazawa,Zweigen Kanazawa,زویگن کانازاوا
Chongqing Tonglianglong FC,Chongqing Tonglianglong FC,چونگ چینگ تونلیانگلونگ فوتبال
FK Hodonin,FK Hodonin,اف کی هودونین
KF Drita,KF Drita,کی اف دریتا
FC Vizela,FC Vizela,اف سی ویزلا
Bayside United,Bayside United,بیساید یونایتد
El Palo FC,El Palo FC,ال پالو فوتبال
Itabuna EC BA,Itabuna EC BA,ایتابونا ای سی بی ای
Club El Porvenir,Κύκλος El Porvenir,کلوب ال پورونیر
FC Hegelmann Kaunas,FC Hegelmann Kaunas,اف سی هگلمان کاوناس
Everton FC,Everton FC,اورتون فوتبال کلب
Argentinos Juniors,Argentinos Juniors,آرژانتینوس جونیورز
Gramadense RS,Gramadense RS,گرامادنسی رودوسی
Oriente Petrolero,Oriente Petrolero,اورینته پترولرو
FK Transinvest,FK Transinvest,اف کی ترانس اینوست
Turun Palloseura,Turun Palloseura,تورون پالوسورا
VfB Stuttgart,VfB Stuttgart,وی اف بی اشتوتگارت
ACS Minerul Costesti,ACS Minerul Costesti,ای سی اس مینرول کوستستی
Asante Kotoko,Asante Kotoko,آسانته کوتوکو
FK Buducnost Banovici,FK Buducnost Banovici,اف کی بودوچنوست بانووچی
Dewa United,Dewa United,دوا یونایتد
Boavista Porto,Boavista Porto,بواویستا پورتو
Barnet FC,Barnet FC,بارنت فوتبال کلب
Union Omaha SC,Union Omaha SC,یونیون اوماها اس سی
IR Reykjavik,IR Reykjavik,آی آر ریکیاویک
Union Gurten,Union Gurten,یونیون گورتن
Chuncheon Citizen FC,Chuncheon Citizen FC,چونچون سیتیزن
Henan Jianye,Henan Jianye,هنان جیانیه
AE Kifisia FC,AE Kifisia FC,آ ای کیفیسیا اف سی
Phrae United,Phrae United,فرا یونایتد
CF Montreal,CF Montreal,سی اف مونترال
Ethiopian Medhin,Ethiopian Medhin,اثیوپیایی مدهین
CD Arnedo,CD Arnedo,سی دی ارندو
FK 03 Pirmasens,FK 03 Pirmasens,اف کی 03 پیرماسنس
VfL Wolfsburg II,VfL Wolfsburg II,وی اف ال ولفسبورگ II
Derby County,Derby County,دربی کانتی
Grorud IL 2,Grorud IL 2,گرورود ایل 2
AL Ettifaq FC,AL Ettifaq FC,آ ای ال اتیفاق فوتبال کلب
Alianza FC U20,Alianza FC U20,آلیانزا اف سی یونیورسال
GKS Jastrzebie,GKS Jastrzebie,جی کی اس جسترزبیه
San Luis de Quillota,San Luis de Quillota,سان لوئیس ده کویوتا
Hong Kong FC,Hong Kong FC,فوتبال کلب هنگ کنگ
SC Viktoria 06 Griesheim,SC Viktoria 06 Griesheim,اس سی ویکتوریا 06 گریسهایم
Orapa United,Orapa United,اوراپا یونایتد
Banbury United,Banbury United,بانبری یونایتد
Juventus Zurich,Juventus Zurich,جوونتوس زورچ
AD Isidro Metapan,AD Isidro Metapan,آ دی ایسیدرو متاپان
Salamanca CF UDS,Salamanca CF UDS,سالامانکا اف سی دی ای اس
Strindheim TF,Strindheim TF,استریندهایم تی اف
Tj Slovan Bzenec,Tj Slovan Bzenec,تی جی اسلووان بزنتس
FC Nosta Novotroitsk,FC Nosta Novotroitsk,اف سی نوستا نووترویتسک
USI Lupo Martini Wolfsburg,USI Lupo Martini Wolfsburg,یو اس آی لوپو مارتینی ولفسبورگ
FC Jazz,FC Jazz,اف سی جز
Saltillo FC,Saltillo FC,سالتیو فوتبال کلب
Chania FC,Chania FC,چانیا فوتبال کلب
A.C. Mestre,A.C. Mestre,آ سی مستره
Asd Pineto Calcio,Asd Pineto Calcio,آسد پینتو کالچو
CD Torrijos,CD Torrijos,سی دی توریخوس
Ferroviaria SP,Σιδηροδρομική ΣΠ,فروویاریا SP
Yomraspor,Yomraspor,یومراسپور
Grankulla IFK,Grankulla IFK,گرانکولا IFK
Darica Genclerbirligi,Darica Genclerbirligi,داریکا ژنکلربیرلیگی
CS Gloria Lunca-Teuz Cermei,CS Gloria Lunca-Teuz Cermei,CS Gloria Lunca-Teuz Cermei
Mantova 1911,Mantova 1911,مانتووا 1911
Red Bull Bragantino SP,Red Bull Bragantino SP,Red Bull Bragantino SP
VVV Venlo,VVV Venlo,VVV Venlo
1. Goppinger SV,1. Goppinger SV,1. Goppinger SV
Bollstanas SK,Bollstanas SK,Bollstanas SK
Southern Soccer Academy,Southern Soccer Academy,Southern Soccer Academy
CD Once Caldas,CD Once Caldas,CD Once Caldas
Adr Jicaral,Adr Jicaral,Adr Jicaral
CD Trofense,CD Trofense,CD Trofense
Elche Ilicitano CF,Elche Ilicitano CF,Elche Ilicitano CF
Hemel Hempstead Town,Hemel Hempstead Town,Hemel Hempstead Town
Trinidad and Tobago,Τρινιδάδα και Τομπάγκο,ترینیداد و توگو
Middlesbrough FC,Middlesbrough FC,Middlesbrough FC
Paris FC,Paris FC,پاریس FC
ACF Fiorentina Viareggio Team,ACF Fiorentina Viareggio Team,ACF Fiorentina Viareggio Team
FK Radnik Hadzici,FK Radnik Hadzici,FK Radnik Hadzici
KS Kukesi,KS Kukesi,KS Kukesi
Tunisia,Τυνησία,تونس
Sportivo San Lorenzo,Sportivo San Lorenzo,Sportivo San Lorenzo
Birmingham Legion FC,Birmingham Legion FC,Birmingham Legion FC
Casalarreina CF,Casalarreina CF,Casalarreina CF
USC Paloma Hamburg,USC Paloma Hamburg,USC Paloma Hamburg
Dalton Red Wolves SC,Dalton Red Wolves SC,Dalton Red Wolves SC
Yalmakan,Yalmakan,یالمکان
MSV Pampow,MSV Pampow,MSV Pampow
Wales,Ουαλία,ویلز
Gimnasia y Esgrima Mendoza,Gimnasia y Esgrima Mendoza,Gimnasia y Esgrima Mendoza
SV Oberachern,SV Oberachern,SV Oberachern
AL Jazira AL Hamra,AL Jazira AL Hamra,AL Jazira AL Hamra
CD Racing Junior de Armenia,CD Racing Junior de Armenia,CD Racing Junior de Armenia
AA Internacional Limeira SP,AA Internacional Limeira SP,AA Internacional Limeira SP
FC Vilafranca,FC Vilafranca,FC Vilafranca
KF Phoenix Banje,KF Phoenix Banje,KF Phoenix Banje
S.S.D. Casarano Calcio,S.S.D. Casarano Calcio,S.S.D. Casarano Calcio
SC Vianense,SC Vianense,SC Vianense
FC Penafiel,FC Penafiel,FC Penafiel
Excelsior Rotterdam,Excelsior Rotterdam,Excelsior Rotterdam
AB Gladsaxe,AB Gladsaxe,AB Gladsaxe
Knattspyrnufelagid Hordur,Knattspyrnufelagid Hordur,Knattspyrnufelagid Hordur
ADO Den Haag,ADO Den Haag,ADO Den Haag
Dundee United FC,Dundee United FC,Dundee United FC
1. SC Feucht,1. SC Feucht,1. SC Feucht
P-Iirot,P-Iirot,P-Iirot
Faroe Islands,Νησιά Φερόες,جزایر فارو
FC Kvant Obninsk,FC Kvant Obninsk,FC Kvant Obninsk
Coyotes FC,Coyotes FC,کویوتس FC
BSG Chemie Leipzig,BSG Chemie Leipzig,BSG Chemie Leipzig
Manjung City FC,Manjung City FC,Manjung City FC
K Beerschot VA,K Beerschot VA,K Beerschot VA
Club Mercedes,Club Mercedes,کلوب مرسدس
Energetik Mingechevir,Energetik Mingechevir,Energetik Mingechevir
Phu Dong FC,Phu Dong FC,فو دونگ FC
Navbahor II,Navbahor II,Navbahor II
FK Bokelj Kotor,FK Bokelj Kotor,FK Bokelj کوتور
Valur Reykjavik,Valur Reykjavik,Valur Reykjavik
FC Augsburg,FC Augsburg,FC Augsburg
Austria Salzburg,Αυστρία Salzburg,اتریش سالزبورگ
FK Zenit St. Petersburg,FK Zenit St. Petersburg,FK Zenit St. Petersburg
SC Aymores MG,SC Aymores MG,SC Aymores MG
SD Aucas,SD Aucas,SD Aucas
FC Baltika Kaliningrad,FC Baltika Kaliningrad,FC Baltika Kaliningrad
NK Hrvace,NK Hrvace,NK Hrvace
Kelty Hearts FC,Kelty Hearts FC,Kelty Hearts FC
FK Atmosfera,FK Atmosfera,FK Atmosfera
Kwara United,Kwara United,Kwara United
Adelaide City FC,Adelaide City FC,Adelaide City FC
AS Rejiche,AS Rejiche,AS Rejiche
Phoenix Rising FC,Phoenix Rising FC,فینکس Rising FC
Valenciennes FC,Valenciennes FC,Valenciennes FC
Chooka Talesh FC,Chooka Talesh FC,Chooka Talesh FC
CA Colegiales,CA Colegiales,CA Colegiales
ASM Oran,ASM Oran,ASM Oran
Osters IF,Osters IF,Osters IF
FC Dordrecht,FC Dordrecht,FC Dordrecht
Punjab FC,Punjab FC,پنجاب FC
HPS,HPS,HPS
Deportes Quindio,Deportes Quindio,Deportes Quindio
Myanmar,Μιανμάρ,میانمار
Olympique Club of Khouribga,Olympique Club of Khouribga,Olympique Club of Khouribga
Oldenburger SV,Oldenburger SV,Oldenburger SV
Notts County,Notts County,Notts County
AE Velo Clube SP,AE Velo Clube SP,AE Velo Clube SP
CS Herediano,CS Herediano,CS Herediano
Elazig Karakocan,Elazig Karakocan,Elazig Karakocan
Egypt,Αίγυπτος,مصر
Norway,Νορβηγία,نروژ
IF Lyseng,IF Lyseng,IF Lyseng
1. FC Kaiserslautern II,1. FC Kaiserslautern II,1. FC Kaiserslautern II
Buriram United FC,Buriram United FC,Buriram United FC
Gondomar SC,Gondomar SC,Gondomar SC
Valmiera FC,Valmiera FC,Valmiera FC
FC Gundelfingen,FC Gundelfingen,FC Gundelfingen
Pumas UNAM,Pumas UNAM,Pumas UNAM
1. FC Slovacko B,1. FC Slovacko B,1. FC Slovacko B
France,Γαλλία,فرانسه
Raufoss IL,Raufoss IL,راوفس IL
Goias EC GO,Goias EC GO,گوئیاس EC GO
Tartu JK Tammeka,Tartu JK Tammeka,تارتو JK Tammeka
UD Collerense,UD Collerense,UD Collerense
Shandong Sports Lottery,Shandong Sports Lottery,ورزش لطیف شاندونگ
Tj Sokol Lanzhot,Tj Sokol Lanzhot,Tj Sokol Lanzhot
Hacettepe 1945 SK,Hacettepe 1945 SK,Hacettepe 1945 SK
AS Roma,AS Roma,AS روما
Birkenhead United	AFC,Birkenhead United	AFC,Birkenhead United	AFC
Romania,Ρουμανία,رومانیا
SCR Altach,SCR Altach,SCR Altach
Conwy Borough,Conwy Borough,Conwy Borough
Braintree Town FC,Braintree Town FC,Braintree Town FC
Omladinac Novi Banovci,Omladinac Novi Banovci,Omladinac Novi Banovci
FK Banik Most-Sous,FK Banik Most-Sous,FK Banik Most-Sous
FC Killas,FC Killas,FC Killas
Seoul United FC,Seoul United FC,سئول یونایتد FC
FC Shukura Kobuleti,FC Shukura Kobuleti,FC Shukura Kobuleti
FK Admira Prague,FK Admira Prague,FK Admira Prague
ACS Viitorul Pandurii Targu Jiu II,ACS Viitorul Pandurii Targu Jiu II,ACS Viitorul Pandurii Targu Jiu II
Holyhead Hotspur,Holyhead Hotspur,Holyhead Hotspur
BK Skjold,BK Skjold,BK Skjold
Cp Montehermoso,Cp Montehermoso,Cp Montehermoso
Lierse Kempenzonen,Lierse Kempenzonen,Lierse Kempenzonen
Billericay Town,Billericay Town,Billericay Town
Wisla Krakow,Wisla Krakow,ویسلا کراکو
Swan City SC,Swan City SC,Swan City SC
Alcantarilla FC,Alcantarilla FC,Alcantarilla FC
Western Sydney Wanderers,Western Sydney Wanderers,Western Sydney Wanderers
OSC Bremerhaven,OSC Bremerhaven,OSC Bremerhaven
FA Euro New York,FA Euro New York,FA Euro New York
Bumamuru FC,Bumamuru FC,Bumamuru FC
Norway,Νορβηγία,نروژ
C.D. Cacahuatique,C.D. Cacahuatique,C.D. Cacahuatique
Sweden,Σουηδία,سوئد
CA Youssoufia Berrechid,CA Youssoufia Berrechid,CA Youssoufia Berrechid
Lokomotive Pehchevo,Lokomotive Pehchevo,Lokomotive Pehchevo
Police FC Rwanda,Police FC Rwanda,Police FC Rwanda
TSV Pansdorf,TSV Pansdorf,TSV Pansdorf
Chertanovo Moscow,Chertanovo Moscow,Chertanovo Moscow
Manchester City FC,Manchester City FC,منچستر سیتی FC
Matera Calcio,Matera Calcio,Matera Calcio
TiPS Vantaa,TiPS Vantaa,TiPS Vantaa
FK Mlada Boleslav,FK Mlada Boleslav,FK Mlada Boleslav
Southport FC,Southport FC,Southport FC
Grove Soccer United,Grove Soccer United,Grove Soccer United
Shandong Taishan,Shandong Taishan,Shandong Taishan
FC Ararat-Armenia,FC Ararat-Armenia,FC Ararat-Armenia
AS Sariyer,AS Sariyer,AS Sariyer
AS Monaco,AS Monaco,AS موناکو
CSO Plopeni,CSO Plopeni,CSO پلوپنی
CD Luis Angel Firpo Usulutan,CD Luis Angel Firpo Usulutan,CD لوئیس آنژل فیرپو اسولوتان
SpVg Schonnebeck 1910,SpVg Schonnebeck 1910,SpVg Schonnebeck 1910
AO Itabaiana SE,AO Itabaiana SE,AO Itabaiana SE
CS Sedan-Ardennes,CS Sedan-Ardennes,CS Sedan-Ardennes
FK Kraluv Dvur,FK Kraluv Dvur,FK Kraluv Dvur
Olympique de Beja,Olympique de Beja,اولیمپیک د بجا
FC Haka Valkeakoski,FC Haka Valkeakoski,FC Haka Valkeakoski
Lokomotiv Moscow,Lokomotiv Moscow,لوکوموتیو مسکو
Sunrise,Sunrise,طلوع
North Alabama SC,North Alabama SC,شمال آلاباما SC
FK Metalac Gornji Milanovac,FK Metalac Gornji Milanovac,FK Metalac Gornji Milanovac
CA Central Cordoba SE,CA Central Cordoba SE,CA مرکزی کوردوبا SE
Estonia,Εσθονία,استونی
FC St. Gallen 1879,FC St. Gallen 1879,FC سانت گالن 1879
Nykoebing FC,Nykoebing FC,Nykoebing FC
KS Wisloka Debica,KS Wisloka Debica,KS Wisloka Debica
Montenegro,Μαυροβούνιο,مونته نگرو
Cheshunt FC,Cheshunt FC,Cheshunt FC
Varzim SC,Varzim SC,Varzim SC
US Castrovillari Calcio,US Castrovillari Calcio,US Castrovillari Calcio
Miami Dutch Lions,Miami Dutch Lions,میامی دچ لیونز
Huracanes Izcalli FC,Huracanes Izcalli FC,هوراکانز ایزکالی FC
Altona Magic SC,Altona Magic SC,Altona Magic SC
CA River Plate (ARG),CA River Plate (ARG),CA روگر پلیت (ARG)
Belarus,Λευκορωσία,بلاروس
MFK Zemplin Michalovce,MFK Zemplin Michalovce,MFK Zemplin Michalovce
Kolstad,Kolstad,Kolstad
FC Arda Kardzhali,FC Arda Kardzhali,FC Arda Kardzhali
Le Messager Ngozi FC,Le Messager Ngozi FC,Le Messager Ngozi FC
Rivers United FC,Rivers United FC,Rivers United FC
Greece,Ελλάδα,یونان
Tura Harksheide,Tura Harksheide,Tura Harksheide
Wartburgia,Wartburgia,Wartburgia
Tritones Vallarta MFC,Tritones Vallarta MFC,Tritones Vallarta MFC
Vanraure Hachinohe FC,Vanraure Hachinohe FC,Vanraure Hachinohe FC
Sacramento Gold FC,Sacramento Gold FC,Sacramento Gold FC
Maroons FC,Maroons FC,Maroons FC
Bdf Xi,Bdf Xi,Bdf Xi
Smari,Smari,Smari
Miami FC,Miami FC,میامی FC
Adesg AC,Adesg AC,Adesg AC
Vikingur Gota II,Vikingur Gota II,ویکینگور گوتا II
IFK Mariehamn,IFK Mariehamn,IFK Mariehamn
Prison Leopards,Prison Leopards,Prison Leopards
Fehring 1947,Fehring 1947,Fehring 1947
ASD Cittanova Calcio,ASD Cittanova Calcio,ASD Cittanova Calcio
Aluminij Kidricevo,Aluminij Kidricevo,Aluminij Kidricevo
FC RB Salzburg,FC RB Salzburg,FC RB Salzburg
Macarthur FC,Macarthur FC,Macarthur FC
Gama DF,Γκάμα DF,گاما DF
Kastamonuspor,Kastamonuspor,کاستامونوسپور
Vaca Diez,Vaca Diez,واکا دیز
Western Pride FC,Δυτική Προστασία FC,وسترن پراید FC
Libya,Λιβύη,لیبی
FK Zeleziarne Podbrezova,FK Zeleziarne Podbrezova,فوتبال کلوب زلزیارنه پادبرزوا
GS Kallithea FC,GS Kallithea FC,گروه سبز کالیتها FC
Bron Radom,Bron Radom,برون رادوم
SC Recife Viareggio Team,SC Recife Viareggio Ομάδα,SC رکیف ڤیارگیو تیم
CSKA Moscow,CSKA Μόσχα,CSKA مسکو
Uruguay,Ουρουγουάη,اوروگوئه
Volta Redonda FC RJ,Volta Redonda FC RJ,ولتا ردوندا FC RJ
US Cremonese,US Cremonese,US کرمونزه
FK Eik Toensberg 871,FK Eik Toensberg 871,فوتبال کلوب ایک تنسبرگ 871
FC Honka/Akatemia,FC Honka/Akatemia,FC هونکا/آکاتمیا
Weston Workers FC,Weston Workers FC,وستون ورکرز FC
Alianza FC San Salvador,Alianza FC San Salvador,الیانزا FC سن سالوادور
Torino FC,Torino FC,تورینو FC
VfB Eichstatt,VfB Eichstatt,وی فی بی ایشاتت
Stade Gabesien,Stade Gabesien,استاد گابزین
Al-Salmiya SC,Al-Salmiya SC,ال سلمیه SC
CS Sergipe SE,CS Sergipe SE,CS سرگیپه SE
Luxembourg,Λουξεμβούργο,لوکزامبورگ
TUS Fichte Lintfort,TUS Fichte Lintfort,TUS فیشته لینتفورت
Hatta SC,Hatta SC,هاتا SC
Al Ittihad,Al Ittihad,ال اتحاد
FCV Dender EH,FCV Dender EH,FCV دندر EH
NK Veres Rivne,NK Veres Rivne,نادی ورزه ریونه
FC Balzers,FC Balzers,FC بالزرز
CD Dragon,CD Dragon,CD اکسادور
Pps Old Stars,Pps Old Stars,PPS سید استارز
EC Sao Bento SP,EC Sao Bento SP,EC ساؤ بنتو SP
Wurzburger FV,Wurzburger FV,وورزبورگ FV
Hungary,Ουγγαρία,مجارستان
CF Canelas 2010,CF Canelas 2010,CF کانلاس 2010
Cardiff Metropolitan University FC,Cardiff Metropolitan University FC,کاردیف متروپولیتانیونیورسیتی FC
Al-Shamal,Al-Shamal,ال شمال
Bregalnica Stip,Bregalnica Stip,برگالنیتسا استیپ
Chicago City,Chicago City,چیکاگو سیتی
Atletico de Vila Mea,Atletico de Vila Mea,آتلتیکو ده ویلا مئا
FC Porto B,FC Porto B,FC پورتو B
SP Cailungo,SP Cailungo,SP کایلونگو
V-Varen Nagasaki,V-Varen Nagasaki,V-وارن ناگاساکی
Monterey Bay FC Usl 2,Monterey Bay FC Usl 2,مونتره بی FC USL 2
FK Tekstilac Derventa,FK Tekstilac Derventa,فوتبال کلوب تکستیلاک درونتا
Watford FC,Watford FC,واتفورد FC
IF Vestri,IF Vestri,IF وستری
NK Maribor,NK Maribor,نادی ماریبور
Thailand,Ταϊλάνδη,تایلند
CD Mensajero,CD Mensajero,CD منصجرو
Leopards SC,Leopards SC,لئوپاردز SC
PSS Sleman,PSS Sleman,PSS Sleman
KI Klaksvik,KI Klaksvik,KI Klaksvik
Skeid Fotball,Skeid Fotball,Skeid Fotball
Mushuc Runa SC,Mushuc Runa SC,Mushuc Runa SC
Tokushima Vortis,Tokushima Vortis,توکوشیما وورتیس
FK Prepere,FK Prepere,FK Prepere
Puebla FC,Puebla FC,پوئبلا FC
UD Mutilvera,UD Mutilvera,UD Mutilvera
IF Fuglafjordur,IF Fuglafjordur,IF Fuglafjordur
CA Huracan,CA Huracan,CA Huracan
SC Internacional RS,SC Internacional RS,SC Internacional RS
CSD Flandria,CSD Flandria,CSD Flandria
Apep Pitsilias,Apep Pitsilias,Apep Pitsilias
CA Lugano,CA Lugano,CA Lugano
1928 Bucaspor,1928 Bucaspor,۱۹۲۸ Bucaspor
Guillermo Brown,Guillermo Brown,Guillermo Brown
Athlitiki Enosi Larissas FC,Athlitiki Enosi Larissas FC,Athlitiki Enosi Larissas FC
IFK Simrishamn,IFK Simrishamn,IFK Simrishamn
New Mexico United,New Mexico United,New Mexico United
CD Honduras Progreso,CD Honduras Progreso,CD Honduras Progreso
Gwangju FC,Gwangju FC,Gwangju FC
Darlington FC,Darlington FC,Darlington FC
AC Nardo,AC Nardo,AC Nardo
Masafi,Masafi,Masafi
FK Kom Podgorica,FK Kom Podgorica,FK Kom Podgorica
Botafogo FC PB,Botafogo FC PB,Botafogo FC PB
Halsen IF,Halsen IF,Halsen IF
NC Magra,NC Magra,NC Magra
Fuzinar Ravne,Fuzinar Ravne,Fuzinar Ravne
Ethiopia Electricity,Ηλεκτρισμός Αιθιοπίας,Ethiopia Electricity
CA Colegiales,CA Colegiales,CA Colegiales
CA Angelopolis,CA Angelopolis,CA Angelopolis
Nittaidai FC,Nittaidai FC,Nittaidai FC
Seobu (Western) FC,Seobu (Δυτική) FC,Seobu (Western) FC
FK Auda Riga,FK Auda Riga,FK Auda Riga
Urt MG,Urt MG,Urt MG
Onsala BK,Onsala BK,Onsala BK
Kungsangens IF,Kungsangens IF,Kungsangens IF
SV Rugenbergen 1925,SV Rugenbergen 1925,SV Rugenbergen 1925
Jamaica,Τζαμάικα,جامائیکا
Douglas Haig,Douglas Haig,Douglas Haig
FK Aksu,FK Aksu,FK Aksu
Portugal,Πορτογαλία,پرتغال
CSK Uhersky Brod,CSK Uhersky Brod,CSK Uhersky Brod
Langwarrin SC,Langwarrin SC,Langwarrin SC
Scotland,Σκωτία,اسکاتلند
Redlands United FC,Redlands United FC,Redlands United FC
FC Zorya Lugansk,FC Zorya Lugansk,FC Zorya Lugansk
Kakawa FC Viareggio Team,Kakawa FC Viareggio Team,Kakawa FC Viareggio Team
FK Viltis Vilnius,FK Viltis Vilnius,فک ویلتیس ویلنیوس
Valledupar FC,Valledupar FC,والدوپار فوتبال کلوب
KS Polonia Nysa,KS Polonia Nysa,کلوب پولونیا نیسا
Guiseley FC,Guiseley FC,گویسلی فوتبال کلوب
Cuiaba Esporte Clube MT,Cuiaba Esporte Clube MT,کلوب ورزشی کویابا MT
Italy,Ιταλία,ایتالیا
Deportivo Alaves,Deportivo Alaves,دپورتیوو آلاوس
VfB Lubeck II,VfB Lubeck II,وی آف بی لوبک II
Sporting CP,Sporting CP,اسپورتینگ CP
Kenya Police,Kenya Police,کنیا پولیس
MSV Neuruppin,MSV Neuruppin,مسو نوروپین
SO Cholet,SO Cholet,سو چولت
ASV Neumarkt,ASV Neumarkt,آزو نومارکت
KaaPo,KaaPo,کاپو
Tamale City FC,Tamale City FC,کلوب ورزشی شهر تماله
Sudeva Delhi FC,Sudeva Delhi FC,سودووا دلی فوتبال کلوب
Bayer Leverkusen,Bayer Leverkusen,بایر لوورسوئن
FC Viktoria Cologne,FC Viktoria Cologne,کلوب ویکتوریا کلن
CR Vasco da Gama RJ,CR Vasco da Gama RJ,سی آر واسکو دا گاما RJ
UN Kaerjeng 97,UN Kaerjeng 97,ان کئرجنگ 97
NK Travnik,NK Travnik,ان کی تراونیک
Samsunspor,Samsunspor,سامسونسپور
Jorge Wilstermann,Jorge Wilstermann,خورخ ویلسترمان
Le Havre AC,Le Havre AC,له هاور AC
Holywell Town,Holywell Town,هولیول تاون
Colorado International Soccer Academy,Colorado International Soccer Academy,آکادمی ورزشی بین المللی کلرادو
FK Jedinstvo Bijelo Polje,FK Jedinstvo Bijelo Polje,فک جدینستوو بیجلو پولجه
Vaengir Jupiters,Vaengir Jupiters,وانگیر جوپیترز
Kyrgyzstan,Κιργιζία,قرقیزستان
FC Juarez,FC Juarez,کلوب فوتبال جوآرز
Northern Colorado Hailstorm FC,Northern Colorado Hailstorm FC,آکادمی ورزشی شمال کلرادو هیلستورم FC
JS Talangai,JS Talangai,جی اس تالانگای
Barbados,Βαρβάδος,باربادوس
Charlton Athletic,Charlton Athletic,چارلتون اتلتیک
Saudi Arabia,Σαουδική Αραβία,عربستان سعودی
Kickers Emden,Kickers Emden,کیکرز امدن
SCU Torreense,SCU Torreense,اس سی یو تورینس
Manchester City,Manchester City,منچستر سیتی
SC Blau-Weiß Papenburg,SC Blau-Weiß Papenburg,اس سی ابلاو وایس پاپنبورگ
Atzeneta UE,Atzeneta UE,آتزنتا یو ای
Racing Santander,Racing Santander,ریسینگ سانتاندر
US Catanzaro,US Catanzaro,آمریکایی کاتانزارو
AD San Carlos,AD San Carlos,آد سان کارلوس
Jfk Ventspils,Jfk Ventspils,جی اف کی ونتسپیلز
Gabala FK,Gabala FK,گابالا فوتبال کلوب
Iowa Raptors FC,Iowa Raptors FC,آکادمی ورزشی ایووا رپتورز FC
Vasco da Gama Vidigueira,Vasco da Gama Vidigueira,واسکو دا گاما ویدیگوئیرا
Blo-Weiss Medernach,Blo-Weiss Medernach,بلو وایس مدرناخ
Rosenborg BK Kvinner,Rosenborg BK Kvinner,روزنبورگ بی کی وینر
Boca Juniors,Boca Juniors,بوکا جونیورز
Kanagawa Sagamihara,Καναγάου Σαγκαμηχάρα,کاناگاوا ساگامیهارا
FK Belasica Strumica,ΦΚ Μπελασίκα Στρουμίτσα,اف کی بلاسیکا استرومیکا
MTK Hungaria Budapest,ΜΤΚ Ουγγαρία Βουδαπέστη,ام تی کی هانگاریا بوداپست
FC Volendam,ΦΚ Βολενντάμ,اف سی ولندام
Orduspor 1967,Ορντούσπορ 1967,اوردوسپور 1967
FK Igalo 1929,ΦΚ Ιγκάλο 1929,اف کی ایگالو 1929
Skovde AIK,Σκόβντε ΑΙΚ,اسکووده ای ای کی
IFK Haninge,ΙΦΚ Χανίνγκε,ای ف کی هانینگه
Villa Mitre de Bahia Blanca,Βίλα Μίτρε ντε Μπαχία Μπλάνκα,ویلا میتره ده باهیا بلانکا
Bayrampasa,Μπαϊραμπάσα,بایرامپاسا
Uzbekistan,Ουζμπεκιστάν,ازبکستان
Cascavel PR,Κασκάβελ ΠΡ,کاسکاول پی آر
Strogino Moscow,Στρογκίνο Μόσχα,استروگینو مسکو
CA Platense,ΚΑ Πλατένσε,سی ای پلاتنس
FC Prykarpattya Ivano-Frankivsk,ΦΚ Πρικάρπαττια Ιβάνο-Φρανκιβσκ,اف سی پریکارپاتیا ایوانوفرانکیوسک
Guarany SC CE,Γκουαράνι ΣΚ ΚΕ,گوارانی اس سی سی
Andorra,Ανδόρα,آندورا
FF Jaro,ΦΦ Τζάρο,اف اف جارو
Sammaurese Calcio,Σαμμαουρέζε Κάλτσιο,ساماورزه کالچو
FC Amkar Perm,ΦΚ Αμκάρ Περμ,اف سی امکار پرم
Atletico New Oil Academy,Ατλετικό Νέο Λιθάδι Ακαδημίας,آتلتیکو نوئیل اکادمی
FC Hlucin,ΦΚ Χλούτιν,اف سی هلوچین
SpVgg Unterhaching,ΣπΒγκ Ουντερχάχινγκ,اس وی گو اونترهاچینگ
Asd Seravezza Pozzi Calcio,Ασντ Σεραβέτσα Πότσι Κάλτσιο,آسد سراوزه پوزی کالچو
Ratchaburi Mitr Phol FC,Ρατσαμπούρι Μίτρ Φολ ΦΚ,راتچابوری میتر پول فی سی
Koips,Κοιψ,کویپس
CD Universidad Catolica del Ecuador,ΚΔ Πανεπιστήμιο Καθολική του Εκουαδόρ,سی دی یونیورسیتاد کاتولیکا دل اکوادور
Funnefoss/Vormsund,Φουνεφοσ/Βορμσουντ,فونهفوس/وورمسوند
Chile,Χιλή,چیله
Fulham FC,Φάλαμ ΦΚ,فولهام اف سی
de Graafschap U21,της Γκραφσχάπ U21,ده گرافشاپ یو 21
AD Siete Villas,ΑΔ Σιέτε Βίλας,آی دی سیته ویلاس
SV Westerhausen,ΣΒ Ουστερχάϊγκεν,اس وی وسترهاوزن
Enppi Club,Ενπί Κλαμπ,انپی پی کلوب
Independente FC,Ανεξάρτητος ΦΚ,ایندپندنته فی سی
FC Astana,ΦΚ Αστάνα,اف سی استانا
FK Bumprom,ΦΚ Μπουμπρομ,اف کی بومپروم
Faulkland SC,Φαουλκλάντ ΣΚ,فولکلند اس سی
JK Tabasalu,ΤΖΚ Ταμπασάλου,جی کی تاباسالو
Istanbulspor AS,Ισταμπούλσπορ ΑΣ,ایستانبولسپور اس ای
FC Karbach,ΦΚ Καρμπαχ,اف سی کارباخ
Racing Club Avellaneda,Ράσινγκ Κλαμπ Αβελλανέντα,ریسینگ کلوب اولولاندا
BK Olympic,ΜΠ Ολυμπικό,بی کی اولیمپیک
Zaglebie Lubin II,Ζαγκλεμπι Λουμπίν II,زاگلبی لوبین یو دو
AD Cariari Pococi,ΑΔ Καριάρι Ποκότσι,آی دی کاریاری پوکوسی
Elazigspor,Ελαζίγκσπορ,الازیگسپور
Elverum,Έλβερουμ,الوروم
Young Africans SC,Γιανγκ Αφρικανός ΣΚ,یانگ افریکانز سی سی
CD Anguiano,ΚΔ Αγκουάνο,سی دی انگویانو
Wigan Athletic,Γουίγκαν Ατλέτικ,ویگان اتلتیک
Hwange Colliery FC,Hwange Colliery FC,حوانگ کالری FC
KKS 1925 Kalisz,KKS 1925 Kalisz,KKS 1925 Kalisz
ASU Politehnica Timisoara,ASU Politehnica Timisoara,ASU Politehnica Timisoara
FC Metallurg Lipetsk,FC Metallurg Lipetsk,FC Metallurg Lipetsk
FC Minsk,FC Minsk,FC Minsk
Achyronas Onisilos,Achyronas Onisilos,Achyronas Onisilos
US Citta Di Pontedera Viareggio Team,US Citta Di Pontedera Viareggio Team,US Citta Di Pontedera Viareggio Team
Ajax Amsterdam,Ajax Amsterdam,آژاکس آمستردام
New Orleans Jesters,New Orleans Jesters,New Orleans Jesters
Ferroviario AC PI,Ferroviario AC PI,Ferroviario AC PI
SKU Amstetten,SKU Amstetten,SKU Amstetten
Rukinzo FC,Rukinzo FC,Rukinzo FC
Ankara Keciorengucu,Ankara Keciorengucu,Ankara Keciorengucu
NK BSK Bijelo Brdo,NK BSK Bijelo Brdo,NK BSK Bijelo Brdo
Cooma Tigers,Cooma Tigers,Cooma Tigers
Gombe United FC,Gombe United FC,Gombe United FC
B71 Sandoy,B71 Sandoy,B71 Sandoy
FK Minija 2017,FK Minija 2017,FK Minija 2017
Gyeongju FC,Gyeongju FC,Gyeongju FC
FC Lviv,FC Lviv,FC Lviv
SJK Japollo,SJK Japollo,SJK Japollo
Bodoe/Glimt,Bodoe/Glimt,Bodoe/Glimt
CS Aerostar Bacau,CS Aerostar Bacau,CS Aerostar Bacau
Liverpool LFC,Liverpool LFC,لیورپول LFC
Montedio Yamagata,Montedio Yamagata,Montedio Yamagata
Sandvikens IF,Sandvikens IF,Sandvikens IF
FC Bihor Oradea,FC Bihor Oradea,FC Bihor Oradea
Swansea City,Swansea City,سوانسی شهر
Seoul E-Land FC,Seoul E-Land FC,سئول E-Land FC
Pordenone Calcio,Pordenone Calcio,Pordenone Calcio
Scandicci,Scandicci,Scandicci
Hong Kong,Χονγκ Κονγκ,هنگ کنگ
ASC Diambars,ASC Diambars,ASC Diambars
Tomori Berat,Tomori Berat,Tomori Berat
CD Guadalajara,CD Guadalajara,CD Guadalajara
Alondras CF,Alondras CF,Alondras CF
AC Ajaccio,AC Ajaccio,AC Ajaccio
AD Vasco Da Gama AC,AD Vasco Da Gama AC,AD واسکو دا گاما AC
Lusitano GC,Lusitano GC,Lusitano GC
Rochester New York FC,Rochester New York FC,Rochester New York FC
Iceland,Ισλανδία,ایسلند
Csm Satu Mare,Csm Satu Mare,Csm Satu Mare
Fauve Azur de Yaounde,Fauve Azur de Yaounde,Fauve Azur de Yaounde
MSK Zilina B,MSK Zilina B,MSK Zilina B
Jabal El Mokaber,Jabal El Mokaber,Jabal El Mokaber
AA Ponte Preta SP,AA Ponte Preta SP,AA Ponte Preta SP
Sparta Prague,Sparta Prague,اسپارتا پراگ
Szent Mihaly SE,Szent Mihaly SE,Szent Mihaly SE
GAIS,GAIS,GAIS
Nacional de Madeir,Nacional de Madeir,Nacional de Madeir
FC Melgar,FC Melgar,FC Melgar
WSC Hertha Wels,WSC Hertha Wels,WSC Hertha Wels
Serie D Selection Viareggio Team,Serie D Επιλογή Viareggio Ομάδα,جزیره نسخه Viareggio Team
VfB Auerbach 1906,VfB Auerbach 1906,VfB Auerbach 1906
New Lambton FC,Νέα Lambton FC,New Lambton FC
Karaman FK,Karaman FK,Karaman FK
Luarca CF,Luarca CF,Luarca CF
Wieczysta Krakow,Wieczysta Krakow,Wieczysta Krakow
Cara Brazzaville,Cara Brazzaville,Cara Brazzaville
Avezzano Calcio,Avezzano Calcio,Avezzano Calcio
FV Diefflen,FV Diefflen,FV Diefflen
FK Suduva Marijampole B,FK Suduva Marijampole B,FK Suduva Marijampole B
CD Recoleta,CD Recoleta,CD Recoleta
Kaizer Chiefs,Kaizer Chiefs,Kaizer Chiefs
Cruzeiro RS,Cruzeiro RS,Cruzeiro RS
Nacional Asuncion,Nacional Asuncion,Nacional Asuncion
Wexford Youths AFC,Wexford Youths AFC,Wexford Youths AFC
WAF Vorwarts Brigittenau,WAF Vorwarts Brigittenau,WAF Vorwarts Brigittenau
Neroca FC,Neroca FC,Neroca FC
Torcy PVMF,Torcy PVMF,Torcy PVMF
FC Annecy,FC Annecy,FC Annecy
CD Izarra,CD Izarra,CD Izarra
Isparta 32 Sporu,Isparta 32 Sporu,Isparta 32 Sporu
SC Furstenfeld,SC Furstenfeld,SC Furstenfeld
FC Alverca,FC Alverca,FC Alverca
Czech Republic,Τσεχία,جمهوری چک
CA Lanus,CA Lanus,CA Lanus
Operario AC MS,Operario AC MS,Operario AC MS
Real de Arteaga FC,Real de Arteaga FC,Real de Arteaga FC
AD Sanjoanense,AD Sanjoanense,AD Sanjoanense
CA Bella Vista,CA Bella Vista,CA Bella Vista
Portogruaro Calcio,Portogruaro Calcio,Portogruaro Calcio
Sochaux-Montbeliard,Sochaux-Montbeliard,Sochaux-Montbeliard
Vilafranquense,Vilafranquense,Vilafranquense
ES El Ghozlane,ES El Ghozlane,ES El Ghozlane
Liverpool FC,Liverpool FC,لیورپول FC
Indonesia,Ινδονησία,اندونزی
CD Binefar,CD Binefar,CD Binefar
Sanliurfaspor,Sanliurfaspor,Sanliurfaspor
Nups,Nups,Nups
Ji-Parana FC RO,Ji-Parana FC RO,Ji-Parana FC RO
Bangkok United,Bangkok United,بانکوک United
Gottne IF,Gottne IF,Gottne IF
FSV Wacker 90 Nordhausen,FSV Wacker 90 Nordhausen,FSV Wacker 90 Nordhausen
Orgryte IS,Orgryte IS,Orgryte IS
ASD Trastevere Calcio,ASD Trastevere Calcio,ASD Trastevere Calcio
EC Bahia BA,EC Bahia BA,EC Bahia BA
AA Aparecidense GO,AA Aparecidense GO,AA Aparecidense GO
Floresta EC CE,Floresta EC CE,Floresta EC CE
CD Mirandes,CD Mirandes,CD Mirandes
Yangon United,Γιανγκόν Ενωμένο,یانگون یونایتد
Blooming Santa Cruz,Φυτεμένο Santa Cruz,بلومینگ سانتا کروز
GD Braganca,GD Braganca,GD Braganca
EC Democrata MG,EC Democrata MG,EC Democrata MG
HHC Hardenberg,HHC Hardenberg,HHC Hardenberg
Nelson Suburbs FC,Nelson Suburbs FC,Nelson Suburbs FC
UC La Estrella,UC La Estrella,UC La Estrella
Armenia,Αρμενία,ارمنستان
Ergene Velimese Spor,Ergene Velimese Spor,Ergene Velimese Spor
Vissel Kobe,Vissel Kobe,ویسل کوبه
Kmc FC,Kmc FC,Kmc FC
KVC Westerlo,KVC Westerlo,KVC Westerlo
FC Fredericia,FC Fredericia,FC Fredericia
Keflavik IF,Keflavik IF,Keflavik IF
Hubei Istar,Hubei Istar,Hubei Istar
Flint City Bucks,Flint City Bucks,Flint City Bucks
FC Chertanovo Moscow,FC Chertanovo Moscow,FC Chertanovo Moscow
CS Barracas,CS Barracas,CS Barracas
Union Huaral,Union Huaral,Union Huaral
Mokpo Gatdangdae,Mokpo Gatdangdae,Mokpo Gatdangdae
FC Penya d`Andorra,FC Penya d'Andorra,FC Penya d`Andorra
Deportivo Alaves B,Deportivo Alaves B,Deportivo Alaves B
Chelsea FC,Chelsea FC,چلسه FC
Scheiblingkirchen-Warth Usv,Scheiblingkirchen-Warth Usv,Scheiblingkirchen-Warth Usv
Indonesia,Ινδονησία,اندونزی
Marbella FC,Marbella FC,Marbella FC
Paris FC,Paris FC,پاریس FC
CSD San Martin,CSD San Martin,CSD San Martin
CA Atletico Guacuano SP,CA Atletico Guacuano SP,CA Atletico Guacuano SP
2 Drots FC Moscow,2 Drots FC Moscow,2 Drots FC Moscow
Young Boys FD Silkeborg,Young Boys FD Silkeborg,Young Boys FD Silkeborg
Catalcaspor,Catalcaspor,Catalcaspor
Gabon,Γκαμπόν,گابن
Club Celaya FC,Club Celaya FC,Club Celaya FC
Burgan SC,Burgan SC,Burgan SC
Gd Fontinhas,Gd Fontinhas,Gd Fontinhas
Calcio Catania,Calcio Catania,Calcio Catania
Stratford Town,Stratford Town,Stratford Town
Velez Sarsfield,Velez Sarsfield,ولز سارسفیلد
Espanyol Barcelona,Espanyol Barcelona,اسپانیول بارسلونا
SE Matonense SP,SE Matonense SP,SE Matonense SP
SaiPa FC,SaiPa FC,SaiPa FC
Baltika-Bfu Kaliningrad,Baltika-Bfu Kaliningrad,Baltika-Bfu Kaliningrad
Slavia Prague,Slavia Prague,اسلاویا پراگ
AA Altos PI,AA Altos PI,AA Altos PI
CA Cirbonero,CA Cirbonero,CA Cirbonero
VfL Bochum,VfL Bochum,VfL Bochum
Caernarfon Town FC,Caernarfon Town FC,Caernarfon Town FC
Maryland Bobcats FC,Maryland Bobcats FC,Maryland Bobcats FC
FC Dziugas B,FC Dziugas B,FC Dziugas B
FC Puch,FC Puch,FC پوچ
Diriangen FC Diriamba,Diriangen FC Diriamba,Diriangen FC Diriamba
Kotoku Royals,Kotoku Royals,Kotoku Royals
Bentleigh Greens,Bentleigh Greens,Bentleigh Greens
Mallbackens IF,Mallbackens IF,Mallbackens IF
Coras de Nayarit,Κοράς του Ναγιάριτ,Coras de Nayarit
Toledo Villa FC,Toledo Villa FC,Toledo Villa FC
LDU Quito,LDU Quito,LDU Quito
Dong A Thanh Hoa,Dong A Thanh Hoa,Dong A Thanh Hoa
FK Radnicki Pirot,FK Radnicki Pirot,FK Radnicki Pirot
FA Euro New York,FA Euro New York,FA Euro New York
OFI Crete,OFI Κρήτης,OFI Crete
FC U Craiova 1948,FC U Craiova 1948,FC U Craiova 1948
Madura United,Madura United,Madura United
Mamelodi Sundowns,Mamelodi Sundowns,Mamelodi Sundowns
Asteras Tripolis,Asteras Tripolis,Asteras Tripolis
AD Sao Caetano SP,AD Sao Caetano SP,AD Sao Caetano SP
USL Dunkerque,USL Dunkerque,USL Dunkerque
AC Goianiense GO,AC Goianiense GO,AC Goianiense GO
Australia,Αυστραλία,استرالیا
FC Kryvbas Kriviy Rih U19,FC Kryvbas Kriviy Rih U19,FC Kryvbas Kriviy Rih U19
Fram,Fram,Fram
Sharjah Brasil FC SP,Sharjah Brasil FC SP,Sharjah Brasil FC SP
Rovaniemen Palloseura,Rovaniemen Palloseura,Rovaniemen Palloseura
MKS Podlasie Biala Podlaska,MKS Podlasie Biala Podlaska,MKS Podlasie Biala Podlaska
FSV Mainz II,FSV Mainz II,FSV Mainz II
AA Iguacu PR,AA Iguacu PR,AA Iguacu PR
Santa Rita,Santa Rita,Santa Rita
Melbourne City FC,Melbourne City FC,Melbourne City FC
Belize,Μπελίζ,بلیز
Ripensia Timisoara,Ripensia Timisoara,Ripensia Timisoara
Karlslunde IF,Karlslunde IF,Karlslunde IF
FC St. Pauli,FC St. Pauli,FC St. Pauli
CA Torrellano,CA Torrellano,CA Torrellano
Greuther Furth,Greuther Furth,Greuther Furth
SV Eichede,SV Eichede,SV Eichede
BK Fremad Amager,BK Fremad Amager,BK Fremad Amager
Turks and Caicos Islands,Τουρκσ και Κάικος Νησιά,Turks and Caicos Islands
HNK Gorica,HNK Gorica,HNK Gorica
Defensores Del Ilucan,Defensores Del Ilucan,Defensores Del Ilucan
Naxxar Lions FC,Naxxar Lions FC,Naxxar Lions FC
FK Kapaz-2,FK Kapaz-2,FK Kapaz-2
CSM Jiul Petrosani,CSM Jiul Petrosani,CSM Jiul Petrosani
Reading United AC,Reading United AC,Reading United AC
US Citta Di Pontedera,US Citta Di Pontedera,US Citta Di Pontedera
Besiktas Istanbul,Besiktas Istanbul,Besiktas Istanbul
San Sebastian Reyes,San Sebastian Reyes,San Sebastian Reyes
MB Hassi Messaoud,MB Hassi Messaoud,MB Hassi Messaoud
Avispa Fukuoka,Avispa Fukuoka,Avispa Fukuoka
CD Cuenca,CD Cuenca,CD Cuenca
Avia Swidnik,Αβία Σβίντνικ,آویا سویدنیک
Alvechurch,Άλβεχορτς,الوچرچ
Kordrengir,Κορντρένγκιρ,کوردرنگیر
Gazisehir Gaziantep FK,Γκαζισέχιρ Γκαζιάντεπ ΦΚ,گازی‌شهیر گازیانتپ فوتبال کلبه
IFK Varnamo,ΊΦΚ Βάρναμο,ای‌اف‌کی وارنامو
Paysandu SC PA,Παϊσάντου SC PA,پیساندو اس‌سی پا
Pacos Ferreira,Πακός Φερρέιρα,پاکوس فریریه
US Esch,US Esch,امریکایی اسش
Montenegro,Μαυροβούνιο,مونته‌نگرو
FK Sutjeska Foca,ΦΚ Σουτιέσκα Φότσα,اف‌کی سوتجسکا فوچا
Panaitolikos,Παναιτωλικός,پانایتولیکوس
FC Laval,ΦΚ Λαβάλ,اف‌سی لوال
Colima FC,Κολίμα ΦΚ,کولیما اف‌سی
FK Drina Zvornik,ΦΚ Ντρίνα Ζβόρνικ,اف‌کی درینا زوورنیک
CS Concordia Chiajna,ΚΣ Κόνκορντια Χιάτσνα,سی‌اس کنکوردیا چیاجنا
Urduliz Ft,Ουρντούλιζ ΦΤ,اوردولیز فت
Osters IF,Όστερς ΊΦ,استرز ای‌اف‌کی
Kamatamare Sanuki,Καματαμάρε Σανούκι,کاماتاماره سانوکی
TSV 1861 Nordlingen,ΤΣΒ 1861 Νόρντλινγκεν,تی‌اس وی 1861 نوردلینگن
AD Municipal Santa Ana,AD Municipal Santa Ana,آد مونیسیپال سانتا آنا
Faroe Islands,Νησιά Φερόες,جزایر فارو
Western United FC,Δυτικός Ένωσης FC,وسترن یونایتد اف‌سی
Goztepe Izmir,Γκοζτέπε Ιζμίρ,گوزتپه ایزمیر
Lyngby BK,Λίνγκμπυ ΜπΚ,لینگبی بی‌کی
SK Lisen B,ΣΚ Λίσεν Μπι,اس‌کی لیسن بی
HEBC Hamburg,HEBC Αμβούργο,ه‌ای‌بی‌سی هامبورگ
Dalian Professional,Ντάλιαν Προφεσσιονάλ,دالیان پروفشنال
Cork City FC,Κορκ Σίτι ΦΚ,کورک سیتی اف‌سی
FC Tokyo,ΦΚ Τόκιο,اف‌سی توکیو
FC Van Charentsavan,ΦΚ Βαν Χαραντσαβάν,اف‌سی وان چارنتسوان
Haukar Hafnarfjordur,Χαούκαρ Χαφναρφιόρντουρ,هاوکار هافنارفجور
Belediye Kutahyaspor,Μπελεντίγιε Κουτάχγιασπορ,بلدیه کوتاهیاسپور
CA Patronato Parana,CA Patronato Parana,سی‌ای‌ای پاتروناتو پارانا
FC Kray,ΦΚ Κράι,اف‌سی کرای
Portugal,Πορτογαλία,پرتغال
FK Vlasina Vlasotince,ΦΚ Βλασίνα Βλασότιντσε,اف‌کی ولاسینا ولاسوتینسه
FC Dinamo Auto,ΦΚ Δινάμο Αυτό,اف‌سی دینامو آتو
Burgan SC,Μπουργκάν ΣΚ,بورگان اس‌سی
Hume City,Χουμ Σίτι,هیوم سیتی
SV Spakenburg,SV Spakenburg,اس‌وی اسپاکنبورگ
SK Dynamo Ceske Budejovice,ΣΚ Δύναμο Κεσκέ Μπουντεϊόβιτς,اس‌کی دینامو چشکه بودجوویسه
Randesund IL,Ράντεσουντ ΊΛ,راندسوند ای‌ال
Cordino,Κορντίνο,کوردینو
Spjelkavik IL,Σπιελκαβίκ ΊΛ,اسپجلکاویک ای‌ال
FC Sion,ΦΚ Σιόν,اف‌سی سیون
Cefn Druids AFC,Κεφν Ντρουΐντς ΑΦΚ,سی‌اف‌ان درویدز ای‌اف‌سی
FC Kuressaare,ΦΚ Κουρεσσάερε,اف‌سی کورسائه
SC Mecheria,ΣΚ Μετσέρια,اس‌سی مچریا
Broadmeadow Magic FC,Broadmeadow Magic FC,برودمیدو مجیک اف‌سی
FC Ordino,ΦΚ Ορντίνο,اف‌سی اوردینو
Ferro Carril Oeste,Ferro Carril Oeste,فرو کاریل وست
FC Santa Lucia Cotzumalguapa,FC Santa Lucia Cotzumalguapa,اف سی سانتا لوسیا کوتزومالگواپا
Asd Calcio Brusaporto,Asd Calcio Brusaporto,آسد کالچیو بروساپورتو
Atlanta United FC,Atlanta United FC,آتلانتا یونایتد اف سی
Casa Pia AC,Casa Pia AC,کازا پیا ای سی
CS Universitatea Craiova II,CS Universitatea Craiova II,سی اس یونیورسیتاتو کرایووا II
FK Turan,FK Turan,اف کی توران
Calvo Sotelo Puertollano,Calvo Sotelo Puertollano,کالو سوتلو پورتولانو
Fluminense FC RJ,Fluminense FC RJ,فلومیننسه اف سی رج
Northern Virginia United,Northern Virginia United,نورثن ویرجینیا
Jeonbuk Hyundai Motors,Jeonbuk Hyundai Motors,جئونبوک هیوندای موتورز
Raufoss IL 2,Raufoss IL 2,راوفس ایل 2
Guangzhou FC,Guangzhou FC,گونگچو اف سی
Pevidem SC,Pevidem SC,پویدیم اس سی
Fjoera FK,Fjoera FK,فجورا اف کی
Proodeftiki FC,Proodeftiki FC,پرودفتیکی اف سی
FK Pardubice B,FK Pardubice B,اف کی پاردوبیس بی
B93 Copenhagen,B93 Copenhagen,بی 93 کپنهاگ
Sint Maarten,Sint Maarten,سینت مارتن
Diyarbekirspor AS,Diyarbekirspor AS,دیاربکیرسپور ای اس
Fatih Karagumruk,Fatih Karagumruk,فاتیخ کرگومروک
FC Epitsentr Dunaivtsi,FC Epitsentr Dunaivtsi,اف سی اپیتسنتر دونایوتسی
1 FC Union Berlin,1 FC Union Berlin,یک اف سی یونین برلین
CS Estudiantes San Luis,CS Estudiantes San Luis,سی اس استودیانتس اسان لویس
Colorado Springs Switchbacks FC,Colorado Springs Switchbacks FC,کلرادو اسپرینگز سویچبکس فی
Itagui Leones FC,Itagui Leones FC,ایتاگوئی لئونز اف سی
Danubio FC,Danubio FC,دانوبیو اف سی
Real Zaragoza,Real Zaragoza,رئال زاراگوزا
Amora FC,Amora FC,آمورا اف سی
FK Sloga Kraljevo,FK Sloga Kraljevo,اف کی سلوگا کرالجوو
Patuxent Football Athletics,Patuxent Football Athletics,پتوکسنت فوتبال آتلتیکس
FC Andijon,FC Andijon,اف سی اندیجون
Uda Soccer,Uda Soccer,یو دی اسوکر
Santa Cruz FC RN,Santa Cruz FC RN,سانتا کروز اف سی آر ان
Austria,Αυστρία,اتریش
Turkiye,Τουρκία,ترکیه
Standard Liege,Standard Liege,استاندارد لیگ
Nardo FK,Nardo FK,ناردو اف کی
Olimpia Grudziadz,Olimpia Grudziadz,اولیمپیا گروجیادز
FC Nassaji Mazandaran,FC Nassaji Mazandaran,اف سی نساجی مازندران
Yenisey 2 Krasnoyarsk,Yenisey 2 Krasnoyarsk,ینیسی 2 کراسنویارسک
Hirnyk-Sport Horishni Plavni,Hirnyk-Sport Horishni Plavni,هیرنیک سپورت هوریشنی پلاونی
Scotland,Σκωτία,اسکاتلند
CD Estradense,CD Estradense,سی دی استرادنسه
Trefelin BGC,Trefelin BGC,ترفلین بی جی سی
Niva Dolbizno,Niva Dolbizno,نیوا دولبیزنو
SV 1898 Unter Flockenbach,SV 1898 Unter Flockenbach,اس وی 1898 اونتر فلوکنباخ
FC Arouca,FC Arouca,اف سی آروکا
U.d. Fuente de Cantos,U.d. Fuente de Cantos,یو دی فونته ده کانتوس
FC Volendam,FC Volendam,اف سی وولندام
